{
    "/home/isipiran/gca_necs/log/gca_generation_airplane_30/generated_pcs_notrials.pth": {
        "path_samples": "/home/isipiran/gca_necs/log/gca_generation_airplane_30/generated_pcs_notrials.pth",
        "path_ref": "/home/isipiran/gca_necs/data/shapenet_sdf/reference_airplane.pth",
        "lgan_mmd-CD": 0.002147240564227104,
        "lgan_cov-CD": 0.29207921028137207,
        "lgan_mmd_smp-CD": 0.0027723503299057484,
        "1-NN-CD-acc_t": 0.8787128925323486,
        "1-NN-CD-acc_f": 0.8514851331710815,
        "1-NN-CD-acc": 0.8650990128517151,
        "lgan_mmd-EMD": 0.013878128491342068,
        "lgan_cov-EMD": 0.3762376308441162,
        "lgan_mmd_smp-EMD": 0.01635696366429329,
        "1-NN-EMD-acc_t": 0.801980197429657,
        "1-NN-EMD-acc_f": 0.7945544719696045,
        "1-NN-EMD-acc": 0.7982673048973083,
        "jsd": 0.08933349897997189,
        "url": ""
    },
    "/home/isipiran/gca_necs/log/gca_generation_airplane_symmetry/generated_pcs_notrials.pth": {
        "path_samples": "/home/isipiran/gca_necs/log/gca_generation_airplane_symmetry/generated_pcs_notrials.pth",
        "path_ref": "/home/isipiran/gca_necs/data/shapenet_sdf/reference_airplane.pth",
        "lgan_mmd-CD": 0.0023650696966797113,
        "lgan_cov-CD": 0.2698019742965698,
        "lgan_mmd_smp-CD": 0.0024410136975347996,
        "1-NN-CD-acc_t": 0.8886138796806335,
        "1-NN-CD-acc_f": 0.905940592288971,
        "1-NN-CD-acc": 0.8972772359848022,
        "lgan_mmd-EMD": 0.0150624830275774,
        "lgan_cov-EMD": 0.3292079269886017,
        "lgan_mmd_smp-EMD": 0.014531458728015423,
        "1-NN-EMD-acc_t": 0.8094059228897095,
        "1-NN-EMD-acc_f": 0.8886138796806335,
        "1-NN-EMD-acc": 0.8490098714828491,
        "jsd": 0.061490401214888024,
        "url": ""
    },
    "/home/isipiran/gca_necs/log/gca_generation_airplane_symmetry_rulebased/generated_pcs_notrials.pth": {
        "path_samples": "/home/isipiran/gca_necs/log/gca_generation_airplane_symmetry_rulebased/generated_pcs_notrials.pth",
        "path_ref": "/home/isipiran/gca_necs/data/shapenet_sdf/reference_airplane.pth",
        "lgan_mmd-CD": 0.0024517399724572897,
        "lgan_cov-CD": 0.2326732724905014,
        "lgan_mmd_smp-CD": 0.0022686177399009466,
        "1-NN-CD-acc_t": 0.9034653306007385,
        "1-NN-CD-acc_f": 0.9579207897186279,
        "1-NN-CD-acc": 0.9306930303573608,
        "lgan_mmd-EMD": 0.01495329663157463,
        "lgan_cov-EMD": 0.30693069100379944,
        "lgan_mmd_smp-EMD": 0.013210607692599297,
        "1-NN-EMD-acc_t": 0.8168317079544067,
        "1-NN-EMD-acc_f": 0.9207921028137207,
        "1-NN-EMD-acc": 0.868811845779419,
        "jsd": 0.08080150053738855,
        "url": ""
    }
}