{
    "/home/isipiran/gca_necs/log/gca_generation_airplane_30/generated_pcs.pth": {
        "path_samples": "/home/isipiran/gca_necs/log/gca_generation_airplane_30/generated_pcs.pth",
        "path_ref": "/home/isipiran/DiT-3D_necs/results_from_relela04/Reference_PTH_to_Compute_Metrics/[old_denormalized]reference_pth_airplane.pth",
        "lgan_mmd-CD": 0.0019267434254288673,
        "lgan_cov-CD": 0.10396039485931396,
        "lgan_mmd_smp-CD": 0.005249465350061655,
        "1-NN-CD-acc_t": 0.9975247383117676,
        "1-NN-CD-acc_f": 0.9851484894752502,
        "1-NN-CD-acc": 0.9913366436958313,
        "lgan_mmd-EMD": 0.01459900476038456,
        "lgan_cov-EMD": 0.10148514807224274,
        "lgan_mmd_smp-EMD": 0.027568763121962547,
        "1-NN-EMD-acc_t": 0.9975247383117676,
        "1-NN-EMD-acc_f": 0.9851484894752502,
        "1-NN-EMD-acc": 0.9913366436958313,
        "jsd": 0.4203894969460489,
        "url": ""
    },
    "/home/isipiran/gca_necs/log/gca_generation_airplane_symmetry/generated_pcs.pth": {
        "path_samples": "/home/isipiran/gca_necs/log/gca_generation_airplane_symmetry/generated_pcs.pth",
        "path_ref": "/home/isipiran/Symmetrization-of-3D-Generative-Models/Samples/References/Airplane.pth",
        "lgan_mmd-CD": 0.0018235985189676285,
        "lgan_cov-CD": 0.0891089141368866,
        "lgan_mmd_smp-CD": 0.006021640729159117,
        "1-NN-CD-acc_t": 0.9975247383117676,
        "1-NN-CD-acc_f": 0.9925742745399475,
        "1-NN-CD-acc": 0.9950494766235352,
        "lgan_mmd-EMD": 0.013495621271431446,
        "lgan_cov-EMD": 0.09158416092395782,
        "lgan_mmd_smp-EMD": 0.03212752565741539,
        "1-NN-EMD-acc_t": 1.0,
        "1-NN-EMD-acc_f": 0.9925742745399475,
        "1-NN-EMD-acc": 0.9962871074676514,
        "jsd": 0.4208902594360193,
        "url": ""
    },
    "/home/isipiran/gca_necs/log/gca_generation_airplane_symmetry_rulebased/generated_pcs.pth": {
        "path_samples": "/home/isipiran/gca_necs/log/gca_generation_airplane_symmetry_rulebased/generated_pcs.pth",
        "path_ref": "/home/isipiran/Symmetrization-of-3D-Generative-Models/Samples/References/Airplane.pth",
        "lgan_mmd-CD": 0.0015795155195519328,
        "lgan_cov-CD": 0.08663365989923477,
        "lgan_mmd_smp-CD": 0.005700680427253246,
        "1-NN-CD-acc_t": 0.9975247383117676,
        "1-NN-CD-acc_f": 0.9876237511634827,
        "1-NN-CD-acc": 0.9925742149353027,
        "lgan_mmd-EMD": 0.013211691752076149,
        "lgan_cov-EMD": 0.07920791953802109,
        "lgan_mmd_smp-EMD": 0.028906283900141716,
        "1-NN-EMD-acc_t": 0.9975247383117676,
        "1-NN-EMD-acc_f": 0.9851484894752502,
        "1-NN-EMD-acc": 0.9913366436958313,
        "jsd": 0.4484799074983137,
        "url": ""
    },
    "/home/isipiran/gca_necs/log/gca_generation_airplane_30/generated_pcs_notrials.pth": {
        "path_samples": "/home/isipiran/gca_necs/log/gca_generation_airplane_30/generated_pcs_notrials.pth",
        "path_ref": "/home/isipiran/DiT-3D_necs/results_from_relela04/Reference_PTH_to_Compute_Metrics/[old_denormalized]reference_pth_airplane.pth",
        "lgan_mmd-CD": 0.0012769806198775768,
        "lgan_cov-CD": 0.16584157943725586,
        "lgan_mmd_smp-CD": 0.004672646522521973,
        "1-NN-CD-acc_t": 0.9975247383117676,
        "1-NN-CD-acc_f": 0.9876237511634827,
        "1-NN-CD-acc": 0.9925742149353027,
        "lgan_mmd-EMD": 0.012190979905426502,
        "lgan_cov-EMD": 0.16584157943725586,
        "lgan_mmd_smp-EMD": 0.0306854285299778,
        "1-NN-EMD-acc_t": 0.9950494766235352,
        "1-NN-EMD-acc_f": 0.9752475023269653,
        "1-NN-EMD-acc": 0.9851484894752502,
        "jsd": 0.3734935063481917,
        "url": ""
    }
}